runningHumansAvg,runningHumansMSE,runningHumansMed,runningZombiesAvg,runningZombiesMSE,runningZombiesMed,walkingHumansAvg,walkingHumansMSE,walkingHumansMed,walkingZombiesAvg,walkingZombiesMSE,walkingZombiesMed
0.0,0.0,0.0,4.0,0.0,4.0,250.0,0.0,250.0,0.0,0.0,0.0
24.626,5.439680505323814,24.5,5.816,1.3550439107276187,6.0,223.544,5.611779040553895,224.0,0.0,0.0,0.0
44.77,9.241163346678814,45.0,6.318,1.617057822095425,6.0,202.891,9.431708169785582,203.0,0.0,0.0,0.0
66.564,12.919826005020353,67.0,6.491,1.6893546104947945,6.0,180.923,13.055384751128555,181.0,0.0,0.0,0.0
89.959,16.15844420109807,91.0,6.607,1.737397766776514,6.0,157.412,16.220180516874667,157.0,0.0,0.0,0.0
112.721,18.636876320885964,114.0,6.741,1.7960843521394059,7.0,134.514,18.632332221168678,133.0,0.0,0.0,0.0
132.702,19.73015955333356,135.0,6.899,1.8511615272579514,7.0,114.372,19.6954211937699,112.0,0.0,0.0,0.0
149.031,19.249936077815956,152.0,7.098,1.9283142897359904,7.0,97.839,19.217363997177134,95.0,0.0,0.0,0.0
161.8,17.59460144476144,165.0,7.373,2.045940126201153,7.0,84.793,17.52176221160419,82.0,0.0,0.0,0.0
170.508,15.026175028928696,173.0,7.682,2.1663046877113086,7.0,75.773,14.914471864601838,73.0,0.0,0.0,0.0
175.917,12.559064893534075,178.0,8.02,2.289454083400657,8.0,70.024,12.446422136501738,68.0,0.0,0.0,0.0
178.606,10.173729109820053,180.0,8.351,2.388262757738351,8.0,66.999,10.063150550399216,66.0,0.002,0.044676615807377244,0.0
178.919,8.724358944931131,179.5,8.754,2.5580234557173194,8.0,66.278,8.578619702492935,66.0,0.003,0.0706470098447204,0.0
177.637,8.031016809844184,178.0,9.195,2.705730030878912,9.0,67.113,7.810392499740344,67.0,0.005,0.11390785749894879,0.0
175.09,7.8745095085344765,175.0,9.714,2.904170105210786,9.0,69.136,7.641956817465017,70.0,0.002,0.06321392251711652,0.0
171.777,7.830662232531807,172.0,10.241,3.111417522609261,10.0,71.904,7.600972569349266,72.0,0.012,0.2045873896407089,0.0
168.611,7.895294738006931,169.0,10.81,3.348118874831053,10.0,74.496,7.752288952303048,74.0,0.013,0.2843079316515804,0.0
165.22,8.100222219173983,165.0,11.388,3.5647518847740316,11.0,77.302,8.032110308007475,77.0,0.013,0.3237761572444761,0.0
161.75,8.181289629392177,162.0,12.081,3.7839713265298363,12.0,80.063,8.1287779524354,80.0,0.02,0.38157568056678015,0.0
158.461,8.052979510715277,158.0,12.775,4.023726506610498,12.0,82.642,7.997989497367459,83.0,0.026,0.47887785499018315,0.0
155.342,7.986428237954687,155.0,13.625,4.293527104840495,13.0,84.904,7.952910410660991,85.0,0.025,0.4293891009329541,0.0
152.398,8.131887603748584,153.0,14.498,4.627309801601792,14.0,86.953,8.140564538163185,87.0,0.037,0.6193795282377439,0.0
149.721,8.118445602453699,150.0,15.357,4.946064192870907,15.0,88.751,8.133326441253914,89.0,0.046,0.856670298306181,0.0
147.253,8.18919965564401,147.0,16.321,5.270100473425529,16.0,90.249,8.114000184865656,90.0,0.042,0.8463072728034313,0.0
145.085,8.31118373037199,145.0,17.345,5.639678625595608,17.0,91.375,8.263799065805024,91.0,0.044,0.8485658489475053,0.0
142.783,8.17507865405587,143.0,18.422,5.980293972707355,18.0,92.565,8.296973845927202,93.0,0.062,0.9011969817969663,0.0
140.649,8.046228868233857,140.5,19.524,6.298049221782876,19.0,93.566,8.11268414274831,93.0,0.066,0.921761357402244,0.0
138.667,8.383204101058267,139.0,20.746,6.759547617999309,20.0,94.3,8.509524075998597,94.0,0.077,0.9711184273815604,0.0
136.869,8.385454012753293,137.0,21.973,7.215834740347098,21.0,94.844,8.706644818757685,95.0,0.083,1.00404730964233,0.0
135.145,8.365642533601353,135.0,23.339,7.700784310704994,22.0,95.181,8.797854227026038,95.0,0.088,0.9210081432864762,0.0
133.398,8.543043719892804,133.5,24.724,8.187174359936398,24.0,95.509,9.035259763836331,96.0,0.1,0.9241212041718293,0.0
131.762,8.706052836963481,132.0,26.163,8.631131501720969,25.0,95.7,9.254080181195734,95.0,0.089,0.7570198148001199,0.0
130.127,8.904317548245908,130.0,27.639,9.094980978539764,27.0,95.84,9.489910431611033,96.0,0.087,0.7010213976762723,0.0
128.786,8.97330507672621,129.0,29.254,9.585274330972496,28.0,95.524,9.522364412266542,95.0,0.099,0.7843462245717837,0.0
127.401,8.869847743901815,127.0,30.914,10.143599164004858,30.0,95.23,9.705828146016193,95.0,0.093,0.8211887724512514,0.0
125.97,9.061296816681374,126.0,32.716,10.726851541808529,32.0,94.777,10.077265055559469,95.0,0.153,1.5276095705382176,0.0
124.73,8.99650487689524,125.0,34.569,11.335838698570134,33.0,94.119,10.038467960799593,94.0,0.161,1.6891059765449794,0.0
123.455,9.058364918681523,124.0,36.508,12.069794364445498,35.0,93.398,10.39690319277812,94.0,0.191,1.81122030686498,0.0
122.255,9.276635974317415,123.0,38.52,12.860777581468387,37.0,92.562,10.421427733281087,93.0,0.183,1.5752812447305915,0.0
120.859,9.53158533508461,121.0,40.589,13.679184149648691,39.0,91.791,10.929470206739213,92.0,0.248,1.89644298622445,0.0
119.676,9.821457325672194,120.0,42.868,14.642697019333562,41.0,90.647,11.19805300041039,91.0,0.26,1.9550959055759807,0.0
118.423,10.073830999178016,119.0,45.213,15.423087596198098,43.0,89.503,11.554046520591813,90.0,0.28,2.0580573364218964,0.0
116.96,10.573381672861334,117.0,47.743,16.53242120803846,46.0,88.343,11.93948704928315,89.0,0.33,2.342455976107154,0.0
115.669,10.83057888572906,116.0,50.376,17.47296837975734,49.0,86.911,12.203977998996839,88.0,0.382,2.4613159082084652,0.0
114.116,11.05208324253845,115.0,53.029,18.452863165373547,51.0,85.742,12.508294687926096,86.0,0.414,2.579651914503196,0.0
112.706,11.434315195935431,114.0,55.751,19.310800061105684,53.0,84.278,12.80010609331032,85.0,0.508,2.7992741916432484,0.0
111.236,11.948401734123275,112.0,58.56,20.14940197623741,56.0,82.912,13.185304547108487,83.0,0.497,2.7698359157177532,0.0
109.831,12.331116697201436,111.0,61.434,20.899656552201986,59.0,81.345,13.311873459434619,82.0,0.557,2.868928545642098,0.0
108.409,12.69510610432226,110.0,64.243,21.651834818324282,62.0,79.815,13.670800086315358,81.0,0.662,3.172027112116173,0.0
106.904,12.830774879172344,108.0,67.127,22.321130594125403,66.0,78.296,14.214724197113378,79.0,0.749,3.24283810881765,0.0
105.362,13.125584025101512,106.0,70.091,23.139721670754817,68.5,76.718,14.581237121725973,77.0,0.857,3.6508288100100907,0.0
103.727,13.431249792926941,105.0,73.046,23.884595119030177,71.0,75.177,14.964881255793514,75.5,1.017,4.171655666518949,0.0
102.097,13.757455833111,103.0,76.103,24.53316920008503,75.0,73.558,15.120735299581169,74.0,1.157,4.472622385133802,0.0
100.357,14.165435079799014,102.0,79.283,25.35387368825521,78.0,71.969,15.382198770006836,73.0,1.255,4.8062433354959815,0.0
98.703,14.337530854369582,99.0,82.434,25.930284302336545,81.0,70.287,15.64585028050568,71.0,1.382,5.234699227271781,0.0
97.104,14.542667705754683,98.0,85.647,26.488495446136636,85.0,68.427,15.928988385958483,69.0,1.569,5.866961649780886,0.0
95.34,14.973456514779752,97.0,89.175,27.30861356788364,88.0,66.468,16.250014646147243,67.0,1.686,6.230361466239341,0.0
93.56,15.192248023251848,94.0,92.495,27.94601894724899,92.0,64.706,16.66858014349152,65.0,1.845,6.279568058393858,0.0
91.63,15.572382605112182,92.0,95.963,28.721240067239453,95.0,62.817,16.8711443298906,62.0,2.119,6.865190383376176,0.0
89.737,16.03352210214588,90.0,99.55,29.593335398362886,99.0,60.846,17.210993114867037,60.0,2.322,7.19682680075048,0.0
87.763,16.45529796144694,88.0,102.892,30.072351687222593,103.0,58.965,17.278419343215397,58.0,2.762,8.801440563907608,0.0
85.766,16.861353563697072,86.0,106.599,30.731420386959,107.0,56.981,17.557580670468315,56.0,2.949,8.907996351593425,0.0
83.829,17.18219307888256,85.0,110.178,31.030409536453117,111.0,55.029,17.512799861815367,54.0,3.196,9.296858824355745,0.0
81.622,17.430235684006114,82.0,113.874,31.289105516137727,115.0,53.194,17.63928467937404,52.0,3.463,9.115077125290805,0.0
79.572,17.74071069602339,80.0,117.478,31.66498880467194,119.0,51.293,17.783114209834014,49.0,3.734,9.211799172800061,0.0
77.53,17.98057563038515,77.0,120.959,32.103291404465054,123.0,49.388,17.80155768465221,48.0,4.129,10.196781796233578,0.0
75.382,18.15015360816543,75.0,124.466,32.38859126297405,127.0,47.648,17.79854196275638,46.0,4.436,10.359628564770137,0.0
73.248,18.38859690134079,72.0,128.229,32.230739349260986,131.5,45.694,17.683618521105913,43.0,4.673,10.524736148711714,0.0
71.171,18.68362274827877,70.0,132.002,32.398086301508606,135.0,43.849,17.489488242941814,41.0,4.758,10.551939916432348,0.0
69.068,18.913576499435532,67.0,135.776,32.62780752670949,139.0,42.005,17.29465162991149,40.0,4.86,10.669976569796287,0.0
66.918,19.255473923017316,65.0,139.334,32.93518550122346,142.0,40.219,17.208458356285146,38.0,5.139,10.821445328605568,0.0
64.668,19.38901173345357,63.0,142.826,32.97240852591753,146.0,38.597,17.152451457444784,36.0,5.449,11.298203352745915,0.0
62.76,19.48272054924568,61.0,145.792,32.92872205233602,148.0,36.89,16.940244980519008,34.0,6.023,12.390822046982931,0.0
60.522,19.638623067822238,58.0,149.028,32.93966022897018,153.0,35.428,16.678993254989873,33.0,6.406,12.916391291688308,0.0
58.567,19.69348905095286,56.0,152.108,32.752073766404465,156.0,33.727,16.36332701500523,31.0,6.897,13.25354258302287,1.0
56.606,19.72188540682667,54.0,154.767,32.59678988796289,159.0,32.094,16.097178759024825,29.0,7.761,14.317607307088696,1.0
54.654,19.6831472077003,52.0,157.488,32.23956972417592,162.0,30.66,15.873764518853124,27.0,8.339,15.258049646006537,1.0
52.761,19.600864241150184,50.0,160.218,31.809817289635593,165.0,29.245,15.401200440225416,26.0,8.848,16.037359383639142,2.0
50.774,19.49509999974353,47.0,162.791,31.488685571169853,168.0,27.986,14.997326561757601,25.0,9.447,16.659507525734345,2.0
48.973,19.252019919998002,46.0,165.086,30.885799390658484,170.0,26.648,14.647255579117878,23.0,10.222,17.800020112348225,2.0
47.189,19.025332559511266,44.0,167.113,30.412369703789956,172.5,25.348,14.14718685817077,22.0,11.219,18.99497404578374,3.0
45.168,18.531426712479533,42.0,169.413,30.157593256093907,175.0,24.203,13.911354750706343,21.0,12.012,19.8831550816262,3.0
43.295,18.244012031348806,40.0,171.808,29.821253092383632,177.0,23.035,13.420200259310603,20.0,12.594,19.99327797035804,4.0
41.594,17.898579943671518,38.0,174.239,29.583743491992333,179.0,21.915,12.987061830914625,19.0,12.922,20.22997567966903,4.0
39.779,17.547027070133566,36.0,175.999,29.1661275969231,181.0,20.864,12.550916460561753,18.0,13.955,21.05134140619071,5.0
38.163,17.277338655012766,35.0,177.623,28.727771772276395,183.0,19.667,11.945380320441872,17.0,15.065,21.94617905239996,6.0
36.44,16.837707682460813,33.0,179.155,28.585852707239646,184.0,18.731,11.727004690030578,16.0,16.132,22.99362033260534,6.5
34.956,16.35176027221534,32.0,179.932,28.513599842881998,185.0,17.69,11.302207748931163,15.0,17.811,24.785021262851473,8.0
33.475,15.963438695970215,30.0,180.51,28.837890006032,187.0,16.843,10.882662863472339,14.0,19.497,26.440385606113967,9.0
31.948,15.466198498661532,29.0,181.735,28.915787642739396,188.0,16.202,10.511669515352914,13.0,20.384,27.20901585871858,9.0
30.617,14.996810027469156,27.0,182.544,28.91024150711994,188.5,15.506,10.0761085742463,13.0,21.554,28.076949335709553,10.0
29.312,14.596871445621485,26.0,183.871,29.04121827678721,190.0,14.801,9.634905240841768,12.0,22.187,28.546594035015843,11.0
28.06,14.189728679576643,25.0,184.397,29.3791318966371,191.0,14.066,9.203240950882456,12.0,23.59,29.47673489381073,12.0
26.853,13.800412711219892,23.5,184.527,29.8652853828655,192.0,13.377,8.812654027022745,11.0,25.314,30.642509753608596,13.0
25.675,13.34343939919541,22.5,185.175,30.06856123927444,192.0,12.685,8.409386125039081,11.0,26.492,31.463692345304977,14.0
24.387,12.699418529995786,22.0,185.191,30.58778381968856,193.0,12.085,8.011352882004404,10.0,28.304,32.72362424915676,16.0
23.273,12.279758588832289,20.0,185.23,31.126983470937233,193.0,11.584,7.708757617152066,10.0,29.832,33.50399641833792,18.0
22.262,11.859146512291677,19.0,185.163,31.647028786285624,192.5,11.033,7.419293160402814,9.0,31.435,34.26919571568608,20.0
21.288,11.505957413444568,19.0,184.901,32.34163259639194,192.0,10.527,7.05586784173287,9.0,33.143,35.10690175734684,22.0
20.451,11.014426857535526,18.0,184.739,33.42308901044309,192.5,9.98,6.909240189774856,8.0,34.648,36.248256454621355,23.5
19.614,10.758764055410825,17.0,185.139,34.11638431897493,192.5,9.485,6.36237180617417,8.0,35.538,37.15250403404862,24.0
18.832,10.426493945713492,17.0,185.265,34.76795615218128,193.0,8.968,6.010072878093908,8.0,36.677,37.86120271465234,26.0
18.097,9.976852760264636,16.0,185.267,35.06134211635375,194.0,8.594,5.857061037756045,7.0,37.748,38.183144134552364,26.0
17.4,9.588951976102514,16.0,184.825,35.262960383382385,193.0,8.122,5.664019420870673,7.0,39.323,38.6901624576584,29.0
16.732,9.243169153488425,15.0,184.481,35.12998205237236,192.5,7.75,5.368007078981919,7.0,40.676,38.79501287536839,31.0
16.036,8.859046449816203,14.0,183.853,35.81772453688255,192.0,7.435,5.145655934863896,6.0,42.287,39.6736515964941,32.0
15.415,8.508159319147707,14.0,182.961,37.047772929016936,192.0,7.134,4.843969859526354,6.0,44.074,41.21189784516113,33.0
14.772,8.04798210733598,13.0,182.034,38.144499524833186,192.0,6.786,4.511563365397847,6.0,45.973,42.29870294701725,35.0
14.136,7.678769693121404,13.0,181.343,38.82096535378788,190.5,6.52,4.357705818432445,6.0,47.547,42.928240017499,37.0
13.578,7.398237357641344,12.0,180.055,39.948040940701986,191.0,6.285,4.253912904609127,5.0,49.606,43.996758562421384,39.0
13.119,7.165112629959128,12.0,178.842,41.3222825603814,190.0,5.958,4.101248102712156,5.0,51.582,45.383182744272126,40.0
12.603,6.884140541854156,11.0,178.192,41.36325828558483,189.0,5.685,3.9924647775528324,5.0,53.004,45.442512958682265,41.0
12.081,6.659312201721735,11.0,176.674,42.73288808400379,188.0,5.491,3.866771133646276,5.0,55.218,46.64033100225596,43.0
11.64,6.414857753684021,11.0,175.228,43.58295556751516,186.5,5.268,3.7059649215825297,4.0,57.305,47.45338739226107,45.0
11.223,6.254699912865512,10.0,174.235,44.441014558625895,184.0,5.064,3.6331672133277815,4.0,58.901,48.20828973319837,48.0
10.798,6.072495039108718,10.0,172.69,45.116581209129784,182.0,4.874,3.5950137690974207,4.0,61.043,48.878759712169455,49.5
10.372,5.895389384934652,9.0,171.034,46.4957293092602,181.5,4.748,3.5237048684587604,4.0,63.234,50.21570714427907,51.0
9.926,5.650533072197699,9.0,169.538,47.515161327727846,180.0,4.589,3.468152101624161,4.0,65.32,51.15352969248555,55.0
9.52,5.411801918030624,8.0,168.248,48.051872970780224,179.0,4.421,3.3214091888835378,4.0,67.167,51.61062982564733,57.0
9.172,5.211949347413123,8.0,166.878,48.532310021263164,178.0,4.227,3.2120820350669743,3.0,69.069,52.07673414299329,58.0
8.816,5.010603157305515,8.0,164.656,49.3896513856901,175.0,4.052,3.0661532903623727,3.0,71.812,52.81689744769184,62.0
8.508,4.873390606138606,8.0,163.175,50.21370704299778,173.0,3.855,2.9236920152437422,3.0,73.777,53.568976758941375,65.0
8.182,4.703921342879791,7.0,162.053,50.748282640893315,172.0,3.73,2.863407061526546,3.0,75.334,54.05334812941749,66.0
7.849,4.530143375214515,7.0,160.944,51.336525632340944,169.0,3.612,2.8216052168933925,3.0,76.876,54.605170304651516,68.0
7.546,4.385645220489227,7.0,159.484,52.13789163362859,168.0,3.412,2.7262164257446617,3.0,78.824,55.387841842772715,71.0
7.27,4.317765625876413,6.0,157.519,53.15134653985731,166.5,3.26,2.5393700006103876,3.0,81.202,56.27652437739912,72.0
6.994,4.150899179695894,6.0,155.637,53.835743061650035,165.0,3.157,2.5076584695687667,3.0,83.448,56.91463165127219,74.0
6.701,4.036037536990927,6.0,153.633,55.021980253349675,163.5,3.044,2.4191039663478695,3.0,85.841,57.96446945327799,76.0
6.47,3.9256973902734815,6.0,151.036,56.235724446298406,161.0,2.923,2.357344056348162,2.0,88.778,59.23553592228231,79.0
6.206,3.798100051341462,5.0,147.994,57.517927327051744,156.0,2.786,2.276006151134048,2.0,92.207,60.477898037216825,84.0
5.987,3.6729866593822487,5.0,145.058,57.459991611555274,151.0,2.64,2.2177466041006584,2.0,95.499,60.35282925431089,89.5
5.722,3.5660504763673813,5.0,142.623,57.90479143387013,149.0,2.582,2.211170730631178,2.0,98.244,60.69133763561319,92.0
5.486,3.462340826666251,5.0,140.724,58.189258665152266,147.0,2.491,2.1995269946058995,2.0,100.458,60.93888935646923,96.0
5.274,3.408947638201555,5.0,138.076,59.25782837735447,144.0,2.41,2.1184664264509867,2.0,103.389,62.03047379312852,97.0
5.101,3.297999241964733,5.0,134.485,60.135744570097394,140.5,2.282,2.093436409351867,2.0,107.27,62.913981752866306,101.0
4.948,3.246120145650805,4.0,131.575,61.415913043770765,137.0,2.177,2.0267390063843975,2.0,110.432,64.09436305947665,106.0
4.75,3.169463677028024,4.0,129.676,62.298354906048694,135.0,2.12,1.9436048981210088,2.0,112.574,64.89747702337894,109.0
4.598,3.0864860278316515,4.0,128.224,62.923666644594086,134.0,2.028,1.8738238978089603,2.0,114.266,65.39753239993084,109.5
4.382,2.962444261079011,4.0,125.827,63.44560718442221,132.5,1.991,1.8689352583757588,2.0,116.905,65.92080077638622,111.5
4.247,2.923694751508783,4.0,123.701,64.3363163306697,129.0,1.901,1.7541946870287788,2.0,119.251,66.76936422491984,114.0
4.069,2.80860089724404,4.0,122.033,65.45835249225262,127.0,1.841,1.7469169986006805,1.0,121.152,67.80096530286282,116.0
3.922,2.726887603110906,3.0,119.957,65.44991330017176,125.0,1.754,1.7010243972383245,1.0,123.454,67.75243083462021,118.0
3.767,2.707528577873184,3.0,118.112,65.46186260716995,125.0,1.712,1.6604384963015077,1.0,125.489,67.73420021672953,119.0
3.631,2.6425061967760852,3.0,115.735,65.58755045738486,118.5,1.663,1.6289355420028189,1.0,128.044,67.85235488912669,126.5
3.515,2.6244570867133588,3.0,114.134,65.85008765370024,117.0,1.598,1.527873031374003,1.0,129.821,68.06569590476549,129.5
3.381,2.5545721755315545,3.0,112.324,65.50003835113384,113.5,1.547,1.4831692418601483,1.0,131.81,67.66165753216517,133.0
3.247,2.480320745387582,3.0,109.478,65.77605579540318,111.0,1.481,1.4517709874494702,1.0,134.851,67.88571866747823,134.0
3.143,2.4348615977094026,3.0,106.753,65.99824233265612,106.0,1.421,1.4462914644012808,1.0,137.734,68.13390671317768,139.0
3.043,2.3793173390701763,3.0,104.337,66.11534943566434,103.0,1.341,1.3684732368592483,1.0,140.327,68.18674410030147,143.0
2.924,2.316942813277872,3.0,102.193,66.06823556747977,100.0,1.279,1.3591022772403947,1.0,142.642,68.09356677396187,144.5
2.803,2.267198932603841,2.0,98.896,66.43683604748203,96.0,1.234,1.3598691113485906,1.0,146.1,68.4424137505391,147.5
2.686,2.198955206456009,2.0,96.427,66.36900384215517,94.0,1.178,1.3402671375513275,1.0,148.736,68.35468019089842,152.5
2.562,2.1373244957188886,2.0,93.765,66.77099501280486,89.5,1.158,1.3065358778081753,1.0,151.537,68.7304490819026,154.0
2.495,2.1189561109187736,2.0,91.204,66.6009788516655,89.0,1.095,1.283734785693676,1.0,154.224,68.53378600369308,156.5
2.379,2.054594607215739,2.0,88.615,66.41020083541378,83.0,1.093,1.2697838398719745,1.0,156.924,68.27062489826791,161.5
2.292,1.992168667558046,2.0,86.31,65.80098707466325,81.0,1.046,1.2328357554840732,1.0,159.359,67.61215954989163,165.0
2.206,1.9772617429161954,2.0,84.611,65.90289583167043,78.0,1.003,1.1785546232568063,1.0,161.176,67.64205070812093,167.0
2.12,1.9312172327317265,2.0,82.142,65.50645644514746,76.5,0.943,1.118816785716052,1.0,163.785,67.17111563015756,170.0
2.036,1.8901597816057747,2.0,80.052,64.9695105107003,72.0,0.896,1.0877426166147892,1.0,166.002,66.6056453763493,174.0
1.978,1.8383459957255035,2.0,78.181,64.31160267789951,71.0,0.856,1.0607846152730565,1.0,167.967,65.94529483594717,174.5
1.911,1.8063994574844138,1.0,75.538,63.666934557900674,68.0,0.825,1.0268276388956386,1.0,170.705,65.31583249871355,177.5
1.826,1.764574736303337,1.0,74.012,63.60691673080836,65.0,0.824,1.0358687175506398,1.0,172.316,65.24621172144784,182.0
1.753,1.715806224490401,1.0,71.733,63.44118308323064,63.0,0.786,0.9981001953711844,1.0,174.701,65.0075349401898,185.0
1.684,1.6607660882857687,1.0,69.86,62.98779564328324,59.5,0.762,0.9946637622835194,0.0,176.662,64.50151747052149,188.0
1.606,1.6151668644446715,1.0,67.386,62.84499187683945,52.5,0.754,0.9987412077210042,0.0,179.22,64.34839236531086,195.0
1.549,1.583540021597181,1.0,65.407,62.378693085058984,48.0,0.716,0.9784395740156826,0.0,181.292,63.80969155230261,198.0
1.498,1.5485464151907093,1.0,63.714,61.388485923664724,46.5,0.695,0.9695230786319654,0.0,183.052,62.7971440114915,201.0
1.465,1.526032437400982,1.0,62.341,61.139076857603825,45.5,0.654,0.90569531300543,0.0,184.498,62.479004441492215,201.5
1.408,1.4971760083570653,1.0,60.605,61.13642919732878,42.0,0.625,0.8777100888106505,0.0,186.32,62.441937830275585,205.0
1.357,1.4592981189599348,1.0,58.949,60.76994651141294,40.5,0.576,0.836793881430782,0.0,188.07,62.00370230881381,206.0
1.305,1.428276933931231,1.0,56.099,60.5011503940214,37.0,0.551,0.8169449185838629,0.0,190.994,61.745493471183806,210.0
1.27,1.4082258341615486,1.0,54.695,59.52488534218279,36.0,0.52,0.7833262411026427,0.0,192.462,60.78016581089591,212.0
1.223,1.394729722921255,1.0,53.157,59.69484358803517,30.0,0.501,0.7784593759471297,0.0,194.065,60.91716322187029,217.0
1.179,1.3442317508525121,1.0,52.076,59.533790606679716,27.5,0.488,0.7757937870336405,0.0,195.199,60.69824873091474,218.5
1.128,1.3159088114303412,1.0,50.346,58.4456523960507,25.5,0.482,0.7756777681486038,0.0,196.986,59.58497968448085,221.5
1.096,1.3026066175173456,1.0,48.629,57.578896819928886,24.0,0.451,0.7399993243240156,0.0,198.765,58.66847343335256,224.0
1.062,1.2884704109912721,1.0,46.261,56.10407185757543,21.0,0.432,0.7038295248140692,0.0,201.182,57.19191268002849,226.0
1.016,1.253692147219563,1.0,44.096,55.08770084147646,19.0,0.422,0.7140840286689006,0.0,203.402,56.17165117744019,228.0
0.97,1.2153600289626159,1.0,43.117,54.435662125118085,17.0,0.407,0.6952344928151905,0.0,204.441,55.499085749226545,231.0
0.926,1.165557377395038,1.0,41.719,54.00857375454391,14.5,0.381,0.658664558026308,0.0,205.908,55.00486829363383,232.5
0.891,1.130096898500306,1.0,39.357,52.33464962145063,11.0,0.36,0.6264183905346334,0.0,208.325,53.31372595307893,236.0
0.852,1.102767427883139,1.0,38.013,51.77631534785001,11.0,0.353,0.6327645691724559,0.0,209.712,52.73112037497397,237.0
0.814,1.0636747623216396,1.0,36.633,51.010021672216496,8.5,0.332,0.63857341003208,0.0,211.149,51.9431689349043,239.0
0.787,1.0552871647092124,0.0,34.563,49.55467718591252,7.0,0.319,0.6270877131630022,0.0,213.257,50.476617864116115,240.0
0.743,1.0064546686264664,0.0,33.257,48.25487489363136,5.0,0.321,0.6260662904197946,0.0,214.604,49.15476766296431,242.0
0.723,0.9941182022274849,0.0,32.364,47.58129363520893,5.0,0.311,0.6085055464003594,0.0,215.526,48.47314023250399,243.0
0.681,0.9691434362363477,0.0,32.009,47.48354366514789,4.5,0.317,0.6020888638731005,0.0,215.914,48.389509234957025,243.0
0.66,0.9393614852653921,0.0,31.314,47.390963315805216,4.0,0.291,0.5641976603992573,0.0,216.656,48.25307932142777,244.0
0.644,0.9387566244772904,0.0,30.031,46.30537807857735,2.0,0.265,0.5392355700433683,0.0,217.979,47.1557054766441,245.0
0.63,0.9236341266973572,0.0,28.477,45.39265877870579,1.0,0.238,0.5112298895800245,0.0,219.571,46.232185314994446,245.0
0.604,0.8815803990561549,0.0,27.33,44.74524667492618,0.0,0.233,0.5222173876844788,0.0,220.747,45.56530468459527,246.0
0.572,0.8560467276965613,0.0,26.493,43.895397833941786,0.0,0.239,0.5290359156049771,0.0,221.61,44.74639538555027,246.0
0.548,0.8316826317772842,0.0,26.012,43.79159572338053,0.0,0.234,0.5150184462715861,0.0,222.118,44.62521793784322,246.0
0.517,0.8035614475570653,0.0,25.785,43.714400087385435,0.0,0.24,0.5180733538795456,0.0,222.369,44.50108806534956,246.0
0.506,0.8024736755807006,0.0,24.931,42.85720755018915,0.0,0.22,0.4975942121849845,0.0,223.254,43.62743957648677,246.0
0.501,0.7962405415450747,0.0,23.73,42.02571950603591,0.0,0.204,0.46945074289003097,0.0,224.476,42.768556487213814,247.0
0.481,0.7833511345495063,0.0,22.969,40.76861585827975,0.0,0.198,0.4525439205204316,0.0,225.262,41.51150871746295,247.0
0.457,0.7603624135897266,0.0,22.064,39.84381889327398,0.0,0.199,0.45099778269965185,0.0,226.189,40.55563190236338,247.0
0.432,0.7505837728062087,0.0,21.225,39.2557304733973,0.0,0.196,0.45998260836688426,0.0,227.055,39.97254026203485,247.0
0.422,0.7429104925897917,0.0,20.222,38.81662937453488,0.0,0.185,0.4390614991091777,0.0,228.079,39.51896707911282,247.0
0.401,0.7226333786921278,0.0,19.595,38.27924992734333,0.0,0.176,0.4347689041318413,0.0,228.735,38.915482458784965,247.0
0.389,0.7082930184605772,0.0,18.578,37.3533922957474,0.0,0.166,0.42478700545096976,0.0,229.774,37.952482448451185,247.0
0.378,0.6936252590556344,0.0,17.963,36.4177927804529,0.0,0.155,0.42305437002824736,0.0,230.411,36.97566874310723,247.0
0.369,0.6788512355442865,0.0,17.446,36.09569342733264,0.0,0.143,0.41539258539362783,0.0,230.949,36.65733758744625,247.0
0.35,0.6523036102920202,0.0,16.894,35.387918333804585,0.0,0.147,0.42824175415295695,0.0,231.516,35.953076975413445,248.0
0.338,0.6322626036703413,0.0,16.48,34.81547931595948,0.0,0.142,0.4121116353610968,0.0,231.946,35.36909786805412,248.0
0.314,0.6077861466009187,0.0,15.883,34.32318911464944,0.0,0.147,0.4164024495605197,0.0,232.56,34.89143734499903,248.0
0.304,0.5946292962846692,0.0,15.109,33.700699087704386,0.0,0.137,0.397782603943411,0.0,233.354,34.30980448793025,248.0
0.295,0.5813561730987292,0.0,14.545,33.08401388888585,0.0,0.132,0.39569685366452134,0.0,233.932,33.68981116005252,248.0
0.287,0.5662428807499524,0.0,14.375,33.06984086747319,0.0,0.131,0.3972895669407879,0.0,234.111,33.650894178312704,248.0
0.281,0.5621734607752282,0.0,14.081,33.0779449029111,0.0,0.113,0.36363580681775826,0.0,234.429,33.66349594144967,248.0
0.269,0.5428065953910284,0.0,13.691,32.7863312830211,0.0,0.111,0.3473888311388267,0.0,234.832,33.3893362617469,248.0
0.263,0.5457389485825571,0.0,13.5,32.665302692612535,0.0,0.101,0.31748858247187217,0.0,235.039,33.2493530613755,248.0
0.251,0.5253560697279562,0.0,12.926,31.934973367767395,0.0,0.095,0.31933524703671334,0.0,235.63,32.48730675202252,248.0
0.238,0.5092700658786105,0.0,11.98,30.83507094202984,0.0,0.091,0.3266787412734386,0.0,236.592,31.387187449658608,248.0
0.217,0.4794903544389607,0.0,11.337,30.25490755232972,0.0,0.096,0.3446505476566063,0.0,237.251,30.766637759105215,248.0
0.204,0.4715760808183574,0.0,10.699,29.336775538562627,0.0,0.098,0.3382247773301048,0.0,237.9,29.84603826305938,248.0
0.201,0.46967967807858285,0.0,10.481,29.240240063993806,0.0,0.09,0.31288975694323923,0.0,238.129,29.708927261010242,248.0
0.187,0.4472482532106717,0.0,9.655,27.52526067088191,0.0,0.093,0.3167822596042915,0.0,238.966,28.03463650557995,248.0
0.176,0.4231122782430234,0.0,9.286,27.125858585490242,0.0,0.09,0.30643106892089017,0.0,239.349,27.602159317705578,248.0
0.17,0.4160528812542898,0.0,8.661,25.494000843335787,0.0,0.089,0.31157503109203066,0.0,239.981,25.922435051514746,248.0
0.166,0.41041929779190695,0.0,8.303,24.99562343691395,0.0,0.076,0.29363923443572465,0.0,240.354,25.389460096662148,248.0
0.162,0.40713142841102296,0.0,7.816,23.95149565267265,0.0,0.07,0.28124722220850684,0.0,240.851,24.352387952724445,248.0
0.154,0.4003548426084021,0.0,7.718,23.906159791986674,0.0,0.069,0.2797123522478059,0.0,240.958,24.30613576856676,248.0
0.148,0.39761287705506154,0.0,7.355,23.105994352115424,0.0,0.066,0.2786467297493385,0.0,241.329,23.48648034508374,248.0
0.145,0.39239648316466824,0.0,6.878,22.52996040830982,0.0,0.056,0.2507269431074356,0.0,241.816,22.86202405737519,248.0
0.132,0.3749346609744187,0.0,6.498,21.99668147698663,0.0,0.063,0.27024248370676085,0.0,242.202,22.30737985510623,248.0
0.13,0.37027017163147646,0.0,6.299,21.419187636322608,0.0,0.055,0.2568559907808275,0.0,242.411,21.685434720106425,248.0
0.12,0.35721142198983186,0.0,5.956,20.584073066329946,0.0,0.051,0.23323593205164359,0.0,242.768,20.827294015305963,248.0
0.114,0.3507192609481279,0.0,5.597,19.6413999246487,0.0,0.053,0.2327896045788971,0.0,243.131,19.887831430299272,248.0
0.114,0.34205847453323085,0.0,5.312,18.88742057561072,0.0,0.048,0.2229259966894861,0.0,243.421,19.13697361131063,248.5
0.108,0.33516563069622735,0.0,4.785,17.666034501268083,0.0,0.047,0.22536858698585402,0.0,243.955,17.91677914693375,249.0
0.103,0.32922788460274915,0.0,4.699,18.378857391034835,0.0,0.046,0.20948508300115415,0.0,244.047,18.597655524285884,249.0
0.101,0.32062283137668,0.0,4.555,17.86910672081836,0.0,0.04,0.1959591794226562,0.0,244.198,18.08432459341514,249.0
0.096,0.3142992204890098,0.0,4.336,17.745227640129066,0.0,0.037,0.18876175460087222,0.0,244.425,17.96675749822436,249.0
0.091,0.3044979474479228,0.0,4.04,16.717846751301497,0.0,0.037,0.1887617546008727,0.0,244.726,16.977777357475283,249.0
0.09,0.30315012782448125,0.0,3.882,16.471128558784468,0.0,0.033,0.1786365024288157,0.0,244.889,16.73746333827204,249.0
0.087,0.2990501630161729,0.0,3.739,16.49584429485187,0.0,0.029,0.17366346766087648,0.0,245.039,16.7487157418114,249.0
0.083,0.29344675837364564,0.0,3.418,15.781611958225508,0.0,0.03,0.17635192088548465,0.0,245.363,16.015780686560387,249.0
0.079,0.2841812801716568,0.0,3.247,15.36242139117377,0.0,0.029,0.17366346766087631,0.0,245.539,15.586098902547745,249.0
0.071,0.26825174743139973,0.0,3.1,14.650529000687753,0.0,0.033,0.1841493958719394,0.0,245.69,14.838864511814899,249.0
0.068,0.2633932421304692,0.0,2.979,14.116534950192193,0.0,0.033,0.1895019788814889,0.0,245.814,14.29389394112039,249.0
0.065,0.2584085911884502,0.0,3.008,14.503721453475377,0.0,0.03,0.18193405398660317,0.0,245.79,14.666966284818416,249.0
0.062,0.2532903472302105,0.0,2.925,14.741959672987859,0.0,0.029,0.17932930602665065,0.0,245.877,14.907913033017074,249.0
0.055,0.23659036328642088,0.0,3.058,16.083986943541134,0.0,0.035,0.19435791725576892,0.0,245.744,16.20600086387757,249.0
0.057,0.24031437743089543,0.0,3.127,16.453658286229338,0.0,0.028,0.16497272501840926,0.0,245.68,16.559698064880237,249.0
0.053,0.23278960457889725,0.0,3.142,16.941187561679385,0.0,0.027,0.16208331191088066,0.0,245.67,17.027539458183647,249.0
0.048,0.21839413911550032,0.0,2.793,16.023799518216496,0.0,0.026,0.1591351626762594,0.0,246.025,16.14714758091963,249.0
0.047,0.21631227427032526,0.0,2.62,15.579139899236923,0.0,0.02,0.14000000000000065,0.0,246.204,15.709054204502532,249.0
0.046,0.2142055087993781,0.0,2.246,13.716321810164565,0.0,0.018,0.1329511188369638,0.0,246.581,13.894583081186733,249.0
0.043,0.20285709255532583,0.0,2.227,13.245734067993535,0.0,0.016,0.12547509713086577,0.0,246.605,13.403916405289918,249.0
0.037,0.1887617546008727,0.0,2.058,12.77523526202139,0.0,0.017,0.12927103310486943,0.0,246.779,12.91325516668826,249.0
0.033,0.17863650242881574,0.0,1.704,11.358890086623703,0.0,0.02,0.14696938456699002,0.0,247.134,11.546343317258552,249.0
0.032,0.17600000000000082,0.0,1.732,11.731588809705137,0.0,0.018,0.14027116596079117,0.0,247.109,11.866638909143585,249.0
0.031,0.17331762749357082,0.0,1.519,10.932137897044624,0.0,0.016,0.1332066064427743,0.0,247.325,11.083833948593764,249.0
0.029,0.16780643611018137,0.0,1.355,9.988542185924713,0.0,0.018,0.14027116596079137,0.0,247.489,10.199013628778035,249.0
0.028,0.164972725018409,0.0,1.415,10.038664004736967,0.0,0.017,0.13678815738213598,0.0,247.431,10.26202899040929,249.0
0.028,0.16497272501840904,0.0,1.363,9.6853100621507,0.0,0.015,0.12155245781143308,0.0,247.485,9.917548840313268,249.0
0.027,0.1620833119108807,0.0,1.323,9.950310095670474,0.0,0.013,0.11327400407860483,0.0,247.528,10.172768354779366,249.0
0.026,0.15913516267625957,0.0,1.252,9.751127934757253,0.0,0.01,0.09949874371066149,0.0,247.603,9.949140214108985,249.0
0.028,0.16497272501840904,0.0,1.035,8.7398955943422,0.0,0.005,0.07053367989832922,0.0,247.823,8.964690234469883,249.0
0.026,0.1591351626762596,0.0,0.954,7.999492733917518,0.0,0.007,0.08337265738837903,0.0,247.904,8.233880251740368,249.0
0.023,0.14990330216509637,0.0,0.891,7.025462191201284,0.0,0.008,0.0890842298052806,0.0,247.969,7.294246979640882,249.0
0.023,0.14990330216509637,0.0,0.755,6.041769194532398,0.0,0.008,0.0890842298052806,0.0,248.105,6.355468118085416,249.0
0.022,0.14668333238647163,0.0,0.692,5.501557597626371,0.0,0.007,0.08337265738837878,0.0,248.169,5.858876940165218,249.0
0.022,0.14668333238647163,0.0,0.647,5.241601949785981,0.0,0.007,0.08337265738837878,0.0,248.214,5.631003818148183,249.0
0.019,0.136524723035793,0.0,0.597,4.837829161927897,0.0,0.009,0.09444045743218255,0.0,248.265,5.2576396795520415,249.0
0.017,0.12927103310486934,0.0,0.591,4.983544822713989,0.0,0.009,0.09444045743218255,0.0,248.273,5.394670610889975,249.0
0.016,0.1254750971308656,0.0,0.572,5.03078681718883,0.0,0.009,0.09444045743218255,0.0,248.293,5.455744770423183,249.0
0.015,0.12155245781143305,0.0,0.585,5.219652766228827,0.0,0.01,0.09949874371066138,0.0,248.28,5.628996358144122,249.0
0.016,0.1254750971308653,0.0,0.552,4.826520071438585,0.0,0.008,0.08908422980528062,0.0,248.314,5.277063956406065,249.0
0.016,0.1254750971308653,0.0,0.499,4.624932323829193,0.0,0.007,0.08337265738837796,0.0,248.368,5.122750823532217,249.0
0.016,0.1254750971308653,0.0,0.479,4.555826928231548,0.0,0.006,0.07722693830523018,0.0,248.389,5.072245952238515,249.0
0.015,0.12155245781143273,0.0,0.495,4.668187549788476,0.0,0.007,0.08337265738837796,0.0,248.373,5.157312381463822,249.0
0.015,0.12155245781143273,0.0,0.494,4.826589271939352,0.0,0.006,0.07722693830523081,0.0,248.375,5.292293926077803,249.0
0.014,0.11749042514179639,0.0,0.467,5.044493136084178,0.0,0.007,0.08337265738837796,0.0,248.402,5.483283322973586,249.0
0.014,0.11749042514179639,0.0,0.467,5.059931916538047,0.0,0.005,0.07053367989832915,0.0,248.404,5.4842304838509675,249.0
0.013,0.11327400407860523,0.0,0.461,5.244661952881276,0.0,0.005,0.07053367989832919,0.0,248.411,5.653855233378385,249.0
0.013,0.11327400407860523,0.0,0.497,5.489261425729305,0.0,0.002,0.044676615807377376,0.0,248.378,5.881931315477933,249.0
0.011,0.10430244484191169,0.0,0.519,5.963693402581967,0.0,0.003,0.05469003565550087,0.0,248.357,6.312333245322193,249.0
0.011,0.10430244484191169,0.0,0.404,4.727661578412765,0.0,0.003,0.05469003565550087,0.0,248.472,5.251591758695634,249.0
0.01,0.09949874371066177,0.0,0.381,4.528999779200713,0.0,0.004,0.0631189353522381,0.0,248.495,5.07621660294358,249.0
0.01,0.09949874371066178,0.0,0.397,4.812420492849742,0.0,0.003,0.05469003565550121,0.0,248.48,5.317480606452643,249.0
0.008,0.08908422980528061,0.0,0.368,4.708564112338286,0.0,0.005,0.07053367989832926,0.0,248.509,5.22588930231019,249.0
0.008,0.08908422980528061,0.0,0.347,4.521790685115768,0.0,0.005,0.07053367989832926,0.0,248.53,5.051049395917647,249.0
0.008,0.08908422980528061,0.0,0.379,4.976480583705662,0.0,0.005,0.07053367989832926,0.0,248.498,5.466442718990117,249.0
0.008,0.08908422980528061,0.0,0.373,4.949532402156769,0.0,0.005,0.07053367989832926,0.0,248.504,5.439851468560516,249.0
0.01,0.09949874371066178,0.0,0.379,4.99513353174862,0.0,0.003,0.05469003565550121,0.0,248.498,5.483793942153558,249.0
0.01,0.09949874371066178,0.0,0.376,5.009253836650697,0.0,0.002,0.044676615807377,0.0,248.502,5.480693021872331,249.0
0.01,0.09949874371066178,0.0,0.289,4.3709814687321735,0.0,0.002,0.044676615807377,0.0,248.589,4.902456425099581,249.0
0.01,0.09949874371066178,0.0,0.271,4.382642924081319,0.0,0.002,0.044676615807377,0.0,248.607,4.910656880703488,249.0
0.01,0.09949874371066178,0.0,0.268,4.367628189303599,0.0,0.001,0.03160696125855859,0.0,248.611,4.893023502906972,249.0
0.011,0.10430244484191169,0.0,0.263,4.913026663880375,0.0,0.0,0.0,0.0,248.616,5.392452503267839,249.0
0.011,0.10430244484191169,0.0,0.316,5.930610761127408,0.0,0.0,0.0,0.0,248.563,6.330721206940035,249.0
0.01,0.09949874371066178,0.0,0.268,4.532127094422599,0.0,0.001,0.03160696125855859,0.0,248.611,5.042983144925232,249.0
0.01,0.09949874371066178,0.0,0.316,5.954506192792164,0.0,0.001,0.03160696125855859,0.0,248.563,6.351537687835938,249.0
0.01,0.09949874371066178,0.0,0.315,6.098833904936195,0.0,0.001,0.03160696125855859,0.0,248.564,6.484127080802783,249.0
0.009,0.0944404574321834,0.0,0.341,6.055965571236435,0.0,0.001,0.03160696125855859,0.0,248.539,6.419383070046523,249.0
0.009,0.0944404574321834,0.0,0.196,3.7292873313811103,0.0,0.001,0.03160696125855859,0.0,248.684,4.333606350373786,249.0
0.009,0.09444045743218352,0.0,0.21,3.774109166412583,0.0,0.001,0.03160696125855842,0.0,248.67,4.376882452156981,249.0
0.009,0.09444045743218352,0.0,0.203,3.7290469291764836,0.0,0.001,0.03160696125855842,0.0,248.677,4.33574341953026,249.0
0.008,0.08908422980528063,0.0,0.2,3.658961601329064,0.0,0.001,0.03160696125855842,0.0,248.681,4.27284904952189,249.0
0.008,0.08908422980528063,0.0,0.209,3.8511451543663613,0.0,0.001,0.03160696125855842,0.0,248.672,4.436486898436636,249.0
0.008,0.08908422980528063,0.0,0.209,3.793852791029128,0.0,0.001,0.03160696125855842,0.0,248.672,4.392085609366003,249.0
0.008,0.08908422980528063,0.0,0.2,3.697296309467305,0.0,0.001,0.03160696125855842,0.0,248.681,4.309900114851864,249.0
0.008,0.08908422980528063,0.0,0.186,3.496484520200209,0.0,0.001,0.03160696125855842,0.0,248.695,4.147285256646814,249.0
0.008,0.08908422980528063,0.0,0.199,3.781190156551274,0.0,0.001,0.03160696125855842,0.0,248.682,4.389860590041552,249.0
0.006,0.07722693830523147,0.0,0.226,3.852132396478588,0.0,0.003,0.05469003565550109,0.0,248.655,4.452412267524198,249.0
0.006,0.07722693830523147,0.0,0.275,4.674117563776155,0.0,0.002,0.04467661580737738,0.0,248.607,5.178276836941116,249.0
0.006,0.07722693830523147,0.0,0.283,5.533255009485765,0.0,0.002,0.04467661580737738,0.0,248.599,5.977474299401058,249.0
0.006,0.07722693830523147,0.0,0.269,5.160682028569403,0.0,0.002,0.04467661580737738,0.0,248.613,5.6330481091501206,249.0
0.006,0.07722693830523147,0.0,0.285,5.6147818301338654,0.0,0.002,0.04467661580737738,0.0,248.597,6.050668640737151,249.0
0.006,0.07722693830523147,0.0,0.267,5.133976139406923,0.0,0.002,0.04467661580737738,0.0,248.615,5.608099054046775,249.0
0.007,0.08337265738837915,0.0,0.285,5.575282504053171,0.0,0.001,0.03160696125855822,0.0,248.597,6.0151966717639445,249.0
0.006,0.07722693830523147,0.0,0.285,5.543083528145809,0.0,0.0,0.0,0.0,248.599,5.9809864570988776,249.0
0.006,0.07722693830523147,0.0,0.257,5.3185478281200735,0.0,0.0,0.0,0.0,248.627,5.765056027481425,249.0
0.006,0.07722693830523147,0.0,0.269,5.257436542650695,0.0,0.0,0.0,0.0,248.615,5.715485543678711,249.0
0.006,0.07722693830523147,0.0,0.274,5.06566125989495,0.0,0.0,0.0,0.0,248.61,5.549225171138747,249.0
0.006,0.07722693830523147,0.0,0.278,4.973400848513976,0.0,0.0,0.0,0.0,248.606,5.4738253534433925,249.0
0.006,0.07722693830523147,0.0,0.254,4.513478038054371,0.0,0.0,0.0,0.0,248.63,5.058962344196694,249.0
0.006,0.07722693830523147,0.0,0.231,4.1344454283494825,0.0,0.0,0.0,0.0,248.653,4.724467271555601,249.0
0.006,0.07722693830523147,0.0,0.193,3.827499314173754,0.0,0.0,0.0,0.0,248.691,4.458421133091849,249.0
0.005,0.07053367989832923,0.0,0.172,3.7662203865413835,0.0,0.001,0.03160696125855825,0.0,248.712,4.404435945725647,249.0
0.005,0.07053367989832923,0.0,0.176,3.836277362235427,0.0,0.001,0.03160696125855825,0.0,248.708,4.467967770698446,249.0
0.005,0.07053367989832923,0.0,0.18,3.872157021609536,0.0,0.001,0.03160696125855843,0.0,248.704,4.5084791227197645,249.0
0.005,0.07053367989832923,0.0,0.185,3.9146870883890106,0.0,0.001,0.03160696125855843,0.0,248.699,4.541189161442201,249.0
0.005,0.07053367989832923,0.0,0.184,3.8611065771356285,0.0,0.001,0.03160696125855843,0.0,248.7,4.49711018321767,249.0
0.005,0.07053367989832923,0.0,0.179,3.803282661070598,0.0,0.001,0.03160696125855843,0.0,248.705,4.443419291491661,249.0
0.004,0.0631189353522381,0.0,0.18,3.8592227196677875,0.0,0.002,0.044676615807377286,0.0,248.704,4.490477034792627,249.0
0.004,0.0631189353522381,0.0,0.183,3.809660221069545,0.0,0.002,0.044676615807377286,0.0,248.701,4.446301721655839,249.0
0.003,0.05469003565550121,0.0,0.178,3.465013131288211,0.0,0.002,0.044676615807377286,0.0,248.707,4.130998789639131,249.0
0.003,0.05469003565550121,0.0,0.096,1.9268585832904233,0.0,0.002,0.044676615807377286,0.0,248.789,3.038828557191065,249.0
0.003,0.05469003565550121,0.0,0.102,1.9635671620802817,0.0,0.002,0.044676615807377286,0.0,248.783,3.063969810556234,249.0
0.002,0.04467661580737728,0.0,0.111,2.0882238864642964,0.0,0.003,0.05469003565550107,0.0,248.774,3.1456198117382295,249.0
0.002,0.04467661580737728,0.0,0.114,2.1704847384858716,0.0,0.003,0.05469003565550107,0.0,248.771,3.2035229045536737,249.0
0.002,0.04467661580737728,0.0,0.109,2.163589378787033,0.0,0.001,0.03160696125855859,0.0,248.778,3.189783064724001,249.0
0.001,0.03160696125855825,0.0,0.103,2.1666543332982355,0.0,0.002,0.04467661580737722,0.0,248.784,3.178890372441314,249.0
0.001,0.03160696125855825,0.0,0.102,2.1525789184138984,0.0,0.002,0.04467661580737722,0.0,248.785,3.169349302301664,249.0
0.001,0.03160696125855825,0.0,0.097,2.0879633617475273,0.0,0.002,0.04467661580737722,0.0,248.79,3.1260038387692304,249.0
0.001,0.03160696125855825,0.0,0.081,1.6316981951329244,0.0,0.002,0.04467661580737722,0.0,248.806,2.8242457400162633,249.0
0.002,0.04467661580737728,0.0,0.065,1.2995287607436783,0.0,0.0,0.0,0.0,248.823,2.631286947484068,249.0
0.002,0.04467661580737728,0.0,0.038,0.9047408468727379,0.0,0.0,0.0,0.0,248.85,2.4579462972164423,249.0
0.002,0.04467661580737728,0.0,0.072,1.9336018204377066,0.0,0.0,0.0,0.0,248.816,3.0262425547202905,249.0
0.002,0.04467661580737728,0.0,0.071,1.927682287100233,0.0,0.0,0.0,0.0,248.817,3.022831619524961,249.0
0.002,0.04467661580737728,0.0,0.071,1.927682287100233,0.0,0.0,0.0,0.0,248.817,3.022831619524961,249.0
0.002,0.04467661580737728,0.0,0.069,1.9173520803441446,0.0,0.0,0.0,0.0,248.819,3.0169917136114246,249.0
0.002,0.04467661580737728,0.0,0.066,1.8776698325317975,0.0,0.0,0.0,0.0,248.822,2.9917078734395095,249.0
0.002,0.04467661580737728,0.0,0.07,1.9222642898415365,0.0,0.0,0.0,0.0,248.818,3.0197476715778797,249.0
0.002,0.04467661580737728,0.0,0.071,1.927682287100233,0.0,0.0,0.0,0.0,248.817,3.022831619524961,249.0
0.002,0.04467661580737728,0.0,0.072,1.9336018204377066,0.0,0.0,0.0,0.0,248.816,3.0262425547202905,249.0
0.002,0.04467661580737728,0.0,0.069,1.8655398682419038,0.0,0.0,0.0,0.0,248.819,2.981650381919384,249.0
0.002,0.04467661580737728,0.0,0.058,1.5253314393927702,0.0,0.0,0.0,0.0,248.83,2.770036100847784,249.0
0.001,0.03160696125855828,0.0,0.04,0.9035485598461255,0.0,0.001,0.03160696125855825,0.0,248.848,2.4517128706273965,249.0
0.001,0.03160696125855828,0.0,0.026,0.6077203304152329,0.0,0.001,0.03160696125855825,0.0,248.862,2.3415712673331104,249.0
0.001,0.03160696125855828,0.0,0.019,0.5409611816017854,0.0,0.001,0.03160696125855825,0.0,248.869,2.3164280692480004,249.0
0.0,0.0,0.0,0.018,0.538215570194693,0.0,0.001,0.03160696125855825,0.0,248.871,2.3130843045596086,249.0
0.0,0.0,0.0,0.017,0.5373183413954903,0.0,0.001,0.03160696125855825,0.0,248.872,2.31205882278111,249.0
0.0,0.0,0.0,0.015,0.47410441887837323,0.0,0.001,0.03160696125855825,0.0,248.874,2.2991572369022517,249.0
0.0,0.0,0.0,0.013,0.4108904963612568,0.0,0.0,0.0,0.0,248.877,2.282952255304513,249.0
0.0,0.0,0.0,0.0,0.0,0.0,0.0,0.0,0.0,248.89,2.2578529624402046,249.0
0.0,0.0,0.0,0.0,0.0,0.0,0.0,0.0,0.0,248.89,2.2578529624402046,249.0
0.0,0.0,0.0,0.0,0.0,0.0,0.0,0.0,0.0,248.89,2.2578529624402046,249.0
0.0,0.0,0.0,0.0,0.0,0.0,0.0,0.0,0.0,248.89,2.2578529624402046,249.0
0.0,0.0,0.0,0.0,0.0,0.0,0.0,0.0,0.0,248.89,2.2578529624402046,249.0
0.0,0.0,0.0,0.0,0.0,0.0,0.0,0.0,0.0,248.89,2.2578529624402046,249.0
0.0,0.0,0.0,0.0,0.0,0.0,0.0,0.0,0.0,248.89,2.2578529624402046,249.0
0.0,0.0,0.0,0.0,0.0,0.0,0.0,0.0,0.0,248.89,2.2578529624402046,249.0
0.0,0.0,0.0,0.0,0.0,0.0,0.0,0.0,0.0,248.89,2.2578529624402046,249.0
0.0,0.0,0.0,0.0,0.0,0.0,0.0,0.0,0.0,248.89,2.2578529624402046,249.0
0.0,0.0,0.0,0.0,0.0,0.0,0.0,0.0,0.0,248.89,2.2578529624402046,249.0
0.0,0.0,0.0,0.0,0.0,0.0,0.0,0.0,0.0,248.89,2.2578529624402046,249.0
0.0,0.0,0.0,0.0,0.0,0.0,0.0,0.0,0.0,248.89,2.2578529624402046,249.0
0.0,0.0,0.0,0.0,0.0,0.0,0.0,0.0,0.0,248.89,2.2578529624402046,249.0
0.0,0.0,0.0,0.0,0.0,0.0,0.0,0.0,0.0,248.89,2.2578529624402046,249.0
0.0,0.0,0.0,0.0,0.0,0.0,0.0,0.0,0.0,248.89,2.2578529624402046,249.0
0.0,0.0,0.0,0.0,0.0,0.0,0.0,0.0,0.0,248.89,2.2578529624402046,249.0
0.0,0.0,0.0,0.0,0.0,0.0,0.0,0.0,0.0,248.89,2.2578529624402046,249.0
0.0,0.0,0.0,0.0,0.0,0.0,0.0,0.0,0.0,248.89,2.2578529624402046,249.0
0.0,0.0,0.0,0.0,0.0,0.0,0.0,0.0,0.0,248.89,2.2578529624402046,249.0
0.0,0.0,0.0,0.0,0.0,0.0,0.0,0.0,0.0,248.89,2.2578529624402046,249.0
0.0,0.0,0.0,0.0,0.0,0.0,0.0,0.0,0.0,248.89,2.2578529624402046,249.0
0.0,0.0,0.0,0.0,0.0,0.0,0.0,0.0,0.0,248.89,2.2578529624402046,249.0
0.0,0.0,0.0,0.0,0.0,0.0,0.0,0.0,0.0,248.89,2.2578529624402046,249.0
0.0,0.0,0.0,0.0,0.0,0.0,0.0,0.0,0.0,248.89,2.2578529624402046,249.0
0.0,0.0,0.0,0.0,0.0,0.0,0.0,0.0,0.0,248.89,2.2578529624402046,249.0
0.0,0.0,0.0,0.0,0.0,0.0,0.0,0.0,0.0,248.89,2.2578529624402046,249.0
0.0,0.0,0.0,0.0,0.0,0.0,0.0,0.0,0.0,248.89,2.2578529624402046,249.0
0.0,0.0,0.0,0.0,0.0,0.0,0.0,0.0,0.0,248.89,2.2578529624402046,249.0
0.0,0.0,0.0,0.0,0.0,0.0,0.0,0.0,0.0,248.89,2.2578529624402046,249.0
0.0,0.0,0.0,0.0,0.0,0.0,0.0,0.0,0.0,248.89,2.2578529624402046,249.0
0.0,0.0,0.0,0.0,0.0,0.0,0.0,0.0,0.0,248.89,2.2578529624402046,249.0
0.0,0.0,0.0,0.0,0.0,0.0,0.0,0.0,0.0,248.89,2.2578529624402046,249.0
0.0,0.0,0.0,0.0,0.0,0.0,0.0,0.0,0.0,248.89,2.2578529624402046,249.0
0.0,0.0,0.0,0.0,0.0,0.0,0.0,0.0,0.0,248.89,2.2578529624402046,249.0
0.0,0.0,0.0,0.0,0.0,0.0,0.0,0.0,0.0,248.89,2.2578529624402046,249.0
0.0,0.0,0.0,0.0,0.0,0.0,0.0,0.0,0.0,248.89,2.2578529624402046,249.0
0.0,0.0,0.0,0.0,0.0,0.0,0.0,0.0,0.0,248.89,2.2578529624402046,249.0
0.0,0.0,0.0,0.0,0.0,0.0,0.0,0.0,0.0,248.89,2.2578529624402046,249.0
0.0,0.0,0.0,0.0,0.0,0.0,0.0,0.0,0.0,248.89,2.2578529624402046,249.0
0.0,0.0,0.0,0.0,0.0,0.0,0.0,0.0,0.0,248.89,2.2578529624402046,249.0
0.0,0.0,0.0,0.0,0.0,0.0,0.0,0.0,0.0,248.89,2.2578529624402046,249.0
0.0,0.0,0.0,0.0,0.0,0.0,0.0,0.0,0.0,248.89,2.2578529624402046,249.0
0.0,0.0,0.0,0.0,0.0,0.0,0.0,0.0,0.0,248.89,2.2578529624402046,249.0
0.0,0.0,0.0,0.0,0.0,0.0,0.0,0.0,0.0,248.89,2.2578529624402046,249.0
0.0,0.0,0.0,0.0,0.0,0.0,0.0,0.0,0.0,248.89,2.2578529624402046,249.0
0.0,0.0,0.0,0.0,0.0,0.0,0.0,0.0,0.0,248.89,2.2578529624402046,249.0
0.0,0.0,0.0,0.0,0.0,0.0,0.0,0.0,0.0,248.89,2.2578529624402046,249.0
0.0,0.0,0.0,0.0,0.0,0.0,0.0,0.0,0.0,248.89,2.2578529624402046,249.0
0.0,0.0,0.0,0.0,0.0,0.0,0.0,0.0,0.0,248.89,2.2578529624402046,249.0
0.0,0.0,0.0,0.0,0.0,0.0,0.0,0.0,0.0,248.89,2.2578529624402046,249.0
0.0,0.0,0.0,0.0,0.0,0.0,0.0,0.0,0.0,248.89,2.2578529624402046,249.0
0.0,0.0,0.0,0.0,0.0,0.0,0.0,0.0,0.0,248.89,2.2578529624402046,249.0
0.0,0.0,0.0,0.0,0.0,0.0,0.0,0.0,0.0,248.89,2.2578529624402046,249.0
0.0,0.0,0.0,0.0,0.0,0.0,0.0,0.0,0.0,248.89,2.2578529624402046,249.0
0.0,0.0,0.0,0.0,0.0,0.0,0.0,0.0,0.0,248.89,2.2578529624402046,249.0
0.0,0.0,0.0,0.0,0.0,0.0,0.0,0.0,0.0,248.89,2.2578529624402046,249.0
0.0,0.0,0.0,0.0,0.0,0.0,0.0,0.0,0.0,248.89,2.2578529624402046,249.0
0.0,0.0,0.0,0.0,0.0,0.0,0.0,0.0,0.0,248.89,2.2578529624402046,249.0
0.0,0.0,0.0,0.0,0.0,0.0,0.0,0.0,0.0,248.89,2.2578529624402046,249.0
0.0,0.0,0.0,0.0,0.0,0.0,0.0,0.0,0.0,248.89,2.2578529624402046,249.0
0.0,0.0,0.0,0.0,0.0,0.0,0.0,0.0,0.0,248.89,2.2578529624402046,249.0
0.0,0.0,0.0,0.0,0.0,0.0,0.0,0.0,0.0,248.89,2.2578529624402046,249.0
0.0,0.0,0.0,0.0,0.0,0.0,0.0,0.0,0.0,248.89,2.2578529624402046,249.0
0.0,0.0,0.0,0.0,0.0,0.0,0.0,0.0,0.0,248.89,2.2578529624402046,249.0
0.0,0.0,0.0,0.0,0.0,0.0,0.0,0.0,0.0,248.89,2.2578529624402046,249.0
0.0,0.0,0.0,0.0,0.0,0.0,0.0,0.0,0.0,248.89,2.2578529624402046,249.0
0.0,0.0,0.0,0.0,0.0,0.0,0.0,0.0,0.0,248.89,2.2578529624402046,249.0
0.0,0.0,0.0,0.0,0.0,0.0,0.0,0.0,0.0,248.89,2.2578529624402046,249.0
0.0,0.0,0.0,0.0,0.0,0.0,0.0,0.0,0.0,248.89,2.2578529624402046,249.0
0.0,0.0,0.0,0.0,0.0,0.0,0.0,0.0,0.0,248.89,2.2578529624402046,249.0
0.0,0.0,0.0,0.0,0.0,0.0,0.0,0.0,0.0,248.89,2.2578529624402046,249.0
0.0,0.0,0.0,0.0,0.0,0.0,0.0,0.0,0.0,248.89,2.2578529624402046,249.0
0.0,0.0,0.0,0.0,0.0,0.0,0.0,0.0,0.0,248.89,2.2578529624402046,249.0
0.0,0.0,0.0,0.0,0.0,0.0,0.0,0.0,0.0,248.89,2.2578529624402046,249.0
0.0,0.0,0.0,0.0,0.0,0.0,0.0,0.0,0.0,248.89,2.2578529624402046,249.0
0.0,0.0,0.0,0.0,0.0,0.0,0.0,0.0,0.0,248.89,2.2578529624402046,249.0
0.0,0.0,0.0,0.0,0.0,0.0,0.0,0.0,0.0,248.89,2.2578529624402046,249.0
0.0,0.0,0.0,0.0,0.0,0.0,0.0,0.0,0.0,248.89,2.2578529624402046,249.0
0.0,0.0,0.0,0.0,0.0,0.0,0.0,0.0,0.0,248.89,2.2578529624402046,249.0
0.0,0.0,0.0,0.0,0.0,0.0,0.0,0.0,0.0,248.89,2.2578529624402046,249.0
0.0,0.0,0.0,0.0,0.0,0.0,0.0,0.0,0.0,248.89,2.2578529624402046,249.0
0.0,0.0,0.0,0.0,0.0,0.0,0.0,0.0,0.0,248.89,2.2578529624402046,249.0
0.0,0.0,0.0,0.0,0.0,0.0,0.0,0.0,0.0,248.89,2.2578529624402046,249.0
0.0,0.0,0.0,0.0,0.0,0.0,0.0,0.0,0.0,248.89,2.2578529624402046,249.0
0.0,0.0,0.0,0.0,0.0,0.0,0.0,0.0,0.0,248.89,2.2578529624402046,249.0
0.0,0.0,0.0,0.0,0.0,0.0,0.0,0.0,0.0,248.89,2.2578529624402046,249.0
0.0,0.0,0.0,0.0,0.0,0.0,0.0,0.0,0.0,248.89,2.2578529624402046,249.0
0.0,0.0,0.0,0.0,0.0,0.0,0.0,0.0,0.0,248.89,2.2578529624402046,249.0
0.0,0.0,0.0,0.0,0.0,0.0,0.0,0.0,0.0,248.89,2.2578529624402046,249.0
0.0,0.0,0.0,0.0,0.0,0.0,0.0,0.0,0.0,248.89,2.2578529624402046,249.0
0.0,0.0,0.0,0.0,0.0,0.0,0.0,0.0,0.0,248.89,2.2578529624402046,249.0
0.0,0.0,0.0,0.0,0.0,0.0,0.0,0.0,0.0,248.89,2.2578529624402046,249.0
0.0,0.0,0.0,0.0,0.0,0.0,0.0,0.0,0.0,248.89,2.2578529624402046,249.0
0.0,0.0,0.0,0.0,0.0,0.0,0.0,0.0,0.0,248.89,2.2578529624402046,249.0
0.0,0.0,0.0,0.0,0.0,0.0,0.0,0.0,0.0,248.89,2.2578529624402046,249.0
0.0,0.0,0.0,0.0,0.0,0.0,0.0,0.0,0.0,248.89,2.2578529624402046,249.0
0.0,0.0,0.0,0.0,0.0,0.0,0.0,0.0,0.0,248.89,2.2578529624402046,249.0
0.0,0.0,0.0,0.0,0.0,0.0,0.0,0.0,0.0,248.89,2.2578529624402046,249.0
0.0,0.0,0.0,0.0,0.0,0.0,0.0,0.0,0.0,248.89,2.2578529624402046,249.0
0.0,0.0,0.0,0.0,0.0,0.0,0.0,0.0,0.0,248.89,2.2578529624402046,249.0
0.0,0.0,0.0,0.0,0.0,0.0,0.0,0.0,0.0,248.89,2.2578529624402046,249.0
0.0,0.0,0.0,0.0,0.0,0.0,0.0,0.0,0.0,248.89,2.2578529624402046,249.0
0.0,0.0,0.0,0.0,0.0,0.0,0.0,0.0,0.0,248.89,2.2578529624402046,249.0
0.0,0.0,0.0,0.0,0.0,0.0,0.0,0.0,0.0,248.89,2.2578529624402046,249.0
0.0,0.0,0.0,0.0,0.0,0.0,0.0,0.0,0.0,248.89,2.2578529624402046,249.0
0.0,0.0,0.0,0.0,0.0,0.0,0.0,0.0,0.0,248.89,2.2578529624402046,249.0
0.0,0.0,0.0,0.0,0.0,0.0,0.0,0.0,0.0,248.89,2.2578529624402046,249.0
0.0,0.0,0.0,0.0,0.0,0.0,0.0,0.0,0.0,248.89,2.2578529624402046,249.0
0.0,0.0,0.0,0.0,0.0,0.0,0.0,0.0,0.0,248.89,2.2578529624402046,249.0
0.0,0.0,0.0,0.0,0.0,0.0,0.0,0.0,0.0,248.89,2.2578529624402046,249.0
0.0,0.0,0.0,0.0,0.0,0.0,0.0,0.0,0.0,248.89,2.2578529624402046,249.0
0.0,0.0,0.0,0.0,0.0,0.0,0.0,0.0,0.0,248.89,2.2578529624402046,249.0
0.0,0.0,0.0,0.0,0.0,0.0,0.0,0.0,0.0,248.89,2.2578529624402046,249.0
0.0,0.0,0.0,0.0,0.0,0.0,0.0,0.0,0.0,248.89,2.2578529624402046,249.0
0.0,0.0,0.0,0.0,0.0,0.0,0.0,0.0,0.0,248.89,2.2578529624402046,249.0
0.0,0.0,0.0,0.0,0.0,0.0,0.0,0.0,0.0,248.89,2.2578529624402046,249.0
0.0,0.0,0.0,0.0,0.0,0.0,0.0,0.0,0.0,248.89,2.2578529624402046,249.0
0.0,0.0,0.0,0.0,0.0,0.0,0.0,0.0,0.0,248.89,2.2578529624402046,249.0
0.0,0.0,0.0,0.0,0.0,0.0,0.0,0.0,0.0,248.89,2.2578529624402046,249.0
0.0,0.0,0.0,0.0,0.0,0.0,0.0,0.0,0.0,248.89,2.2578529624402046,249.0
0.0,0.0,0.0,0.0,0.0,0.0,0.0,0.0,0.0,248.89,2.2578529624402046,249.0
0.0,0.0,0.0,0.0,0.0,0.0,0.0,0.0,0.0,248.89,2.2578529624402046,249.0
0.0,0.0,0.0,0.0,0.0,0.0,0.0,0.0,0.0,248.89,2.2578529624402046,249.0
0.0,0.0,0.0,0.0,0.0,0.0,0.0,0.0,0.0,248.89,2.2578529624402046,249.0
0.0,0.0,0.0,0.0,0.0,0.0,0.0,0.0,0.0,248.89,2.2578529624402046,249.0
0.0,0.0,0.0,0.0,0.0,0.0,0.0,0.0,0.0,248.89,2.2578529624402046,249.0
0.0,0.0,0.0,0.0,0.0,0.0,0.0,0.0,0.0,248.89,2.2578529624402046,249.0
0.0,0.0,0.0,0.0,0.0,0.0,0.0,0.0,0.0,248.89,2.2578529624402046,249.0
0.0,0.0,0.0,0.0,0.0,0.0,0.0,0.0,0.0,248.89,2.2578529624402046,249.0
0.0,0.0,0.0,0.0,0.0,0.0,0.0,0.0,0.0,248.89,2.2578529624402046,249.0
0.0,0.0,0.0,0.0,0.0,0.0,0.0,0.0,0.0,248.89,2.2578529624402046,249.0
0.0,0.0,0.0,0.0,0.0,0.0,0.0,0.0,0.0,248.89,2.2578529624402046,249.0
0.0,0.0,0.0,0.0,0.0,0.0,0.0,0.0,0.0,248.89,2.2578529624402046,249.0
0.0,0.0,0.0,0.0,0.0,0.0,0.0,0.0,0.0,248.89,2.2578529624402046,249.0
0.0,0.0,0.0,0.0,0.0,0.0,0.0,0.0,0.0,248.89,2.2578529624402046,249.0
0.0,0.0,0.0,0.0,0.0,0.0,0.0,0.0,0.0,248.89,2.2578529624402046,249.0
0.0,0.0,0.0,0.0,0.0,0.0,0.0,0.0,0.0,248.89,2.2578529624402046,249.0
0.0,0.0,0.0,0.0,0.0,0.0,0.0,0.0,0.0,248.89,2.2578529624402046,249.0
0.0,0.0,0.0,0.0,0.0,0.0,0.0,0.0,0.0,248.89,2.2578529624402046,249.0
0.0,0.0,0.0,0.0,0.0,0.0,0.0,0.0,0.0,248.89,2.2578529624402046,249.0
0.0,0.0,0.0,0.0,0.0,0.0,0.0,0.0,0.0,248.89,2.2578529624402046,249.0
